Child & Adolescent Mental Health Teams (CAMHS),Waltham Forest (CFCS),"Thorpe Coombe HospitalShernall StreetWalthamstowE17 3EA","The community-based Waltham Forest child and adolescent mental health service (CAMHS) offers help to young people from birth up to the age of 18 who are experiencing emotional, behavioural and mental health difficulties. The team is based in a local clinic and offers various levels of support when a Young person's potential to Thrive becomes impacted by various needs including social, emotional and behavioural concerns. The team also offers support to carers and families of Young people who may not be thriving. ","Referrals are accepted from professionals in health, education, and children_s services. For further advice on how to complete a referral please speak to your link clinician, call the duty desk on 0300 555 1247 or watch some of our helpful video guides here: ","Telephone0300 555 1247walthamforest.camhs@nhs.net.           www.nelft.nhs.uk"
Child & Adolescent Mental Health Teams (CAMHS),Barking & Dagenham (CAMHS) ,"Child and family consultation serviceThe Child and Family Centre79 Axe StreetBarkingEssexIG11 7LZ","The Barking and Dagenham Child and Adolescent Mental Health Service (CAMHS) offers help to children and young people up to the age of 18 years. We are a multi-disciplinary team (MDT) with clinicians from different professional backgrounds including psychiatrists, psychologists and nurses.The team provides assessment and treatment to children and young people experiencing emotional and mental health difficulties. The team also provides support and advice to the families and carers of the children and young people under our service. The positive role and inclusion of carers is essential for the best outcome for the child or young person.","Referrals are accepted from professionals in health, education, and children_s services.In the case of referrals from educational service, consultation should have taken place before the referral is made with the appropriate person from that service e.g. educational psychologists, education welfare officers, school nurses or behaviour support ",Te: 0300 555 1035 | Email: bdadmin@nelft.nhs.uk
Child & Adolescent Mental Health Teams (CAMHS),Havering (CAMHS),"Child and family consultation serviceRaphael HousePettits LaneRomfordRM1 4HL","The community based Havering child and adolescent mental health service (CAMHS) offers help to young people from birth up to the age of 18 who are experiencing emotional, behavioural and mental health difficulties.The Havering CAMHS team is based in a local clinic and offers various support such as assessment of development problems, autism, hyperactivity, depression, and early onset psychosis and brief interventions. The team also offers support to families and carers.During a child or young person_s development, there may be periods when they or their family_s ability to cope with difficult emotions or behaviour can put extreme pressures on relationships. We work with children and young people as early on as possible during these difficulties to turn the situation around.","Referrals are accepted from professionals in health, education, and children_s services.In the case of referrals from educational service, consultation should have taken place before the referral is made with the appropriate person from that service e.g. educational psychologists, education welfare officers, school nurses or behaviour support teams.",Tel: 0300 555 1124 | Email: havering.camhs@nelft.nhs.uk
Child & Adolescent Mental Health Teams (CAMHS),Redbridge (CAMHS),"Redbridge CAMHS, Loxford Hall, Loxford Lane, Ilford, Essex, IG1 2PL","The Redbridge Child & Adolescent Mental Health Service (CAMHS) offers help to children and young people who are experiencing emotional, behavioural or mental health difficulties. CAMHS is a multi-disciplinary team based at Loxford Hall, Ilford and with satellite sites such as Hear & Now Counselling Service in Ilford who offer counselling to young people both in a variety of schools as do our CAMHS Early Intervention into Schools Project.  All of these services offer support in a variety of areas such as assessment of development problems, autism, hyperactivity, depression, and early onset psychosis. ","Referrals are accepted from professionals in health, education, and children_s services.In the case of referrals from educational service, consultation should have taken place before the referral is made with the appropriate person from that service e.g. educational psychologists, education welfare officers, school nurses or behaviour support teams.","Loxford Lane, Ilford, Essex IG1 2PL0300 555 1182. ://www.redbridge.gov.uk"
Child & Adolescent Mental Health Teams (CAMHS),South Essex (CAMHS),"Mapline House12 Bull LaneSS6 8JD RayleighUnited Kingdom","SEPT), Child & Adolescent Mental Health Services provide assessment and clinical intervention for children, young people and families presenting with mental health difficulties. This includes children living in foster care, adoptive families and in residential settings. we see children and young people up to 18 years of age.","Referrals are accepted from professionals in health, education, and children_s services.","Email: pals@sept.nhs.ukPhone number: 0800 0857935Website: www.sept.nhs.uk"
PAEDIATRICIANS ,Waltham Forest Wood street Paediatricians Clinic," The Wood Street health Centre6 Linford RoadWalthamstowPostcodeE17 3LA","Specialist   Children_s Community Nursing comprises of three teams, all of whom work together to provide continuity of care for children and young people who have additional or specialist health needs.","Referrals are accepted from professionals in health, education, and children_s services.",Specialist Children_s Community NursingTelephone020 8430 7930 wfcommunitychildrens.nursing@nhs.net.   Website www.nelft.nhs.uk
PAEDIATRICIANS ,Barking and Dagenham Paediatricians Services,"Community medical paediatric serviceChild and family centreAxe StreetBarkingIG11 7LZ","Specialist   Children_s Community Nursing comprises of three teams, all of whom work together to provide continuity of care for children and young people who have additional or specialist health needs.","Referrals are accepted from professionals in health, education, and children_s services.","Community medical paediatric serviceChild and family centreAxe StreetBarkingIG11 7LZTel: 0208 522 9661/9660Fax: 0208 522 9676Child death overview panelTel: 0208 926 5129Fax: 0208 926 5252Email: cdop.bdh@nhs.netOpening times: Monday to Friday, 9am - 5pmOther locations:Outreach clinics are held in local health centres, contact the team for details.Referrals"
PAEDIATRICIANS ,Havering Paediatrician Services Acorn Centre,"The Acorn Centre306 London RoadRomfordRM7 9NHEnquiries can be sent to enquiriesacorncentre@nelft.nhs.ukFor safeguarding referral's, please call 01708 576777 and ask to be put through to the community paediatric team secretaries.","Specialist   Children_s Community Nursing comprises of three teams, all of whom work together to provide continuity of care for children and young people who have additional or specialist health needs.","Referrals will be accepted from health partners, education, social services and the voluntary sector   referrals.     acorncentre@nelft.nhs.uk or posted","The Acorn Centre306 London RoadRomfordRM7 9NH. Specialist services lead: Claire MummeryTel: 01708 576777 Email: claire.mummery@nelft.nhs.uk"
PAEDIATRICIANS ,Redbridge Paediatricians Services ,"Redbridge Child Development CentreVenue  Grovelands, Grove Road, Romford, Essex RM6 4XH","Specialist   Children_s Community Nursing comprises of three teams, all of whom work together to provide continuity of care for children and young people who have additional or specialist health needs.","Referrals are accepted from professionals in health, education, and children_s services.","Redbridge Child Development CentreVenue  Grovelands, Grove Road, Romford, Essex RM6 4XH020 8822 3246 or 020 8708 3203"
PAEDIATRICIANS ,South Essex Paediatricians Services,"Broomfield HospitalCourt RoadCM1 7ET ChelmsfordUnited Kingdom","Specialist   Children_s Community Nursing comprises of three teams, all of whom work together to provide continuity of care for children and young people who have additional or specialist health needs.","Referrals are accepted from professionals in health, education, and children_s services."," Chelmsford01245 362000www.meht.nhs.uk"
Children's Social Services (CSS),Waltham Forest (CSS),"Walthamstow London E17 9PH 020 8496 2310 (Mon-Thurs, 9am-5.15pm and Fri, 9am-5pm) 020 8496 3000 (out of hours) Txt: Fax: 020 8496 2313 MASHrequests@walthamforest.gov.uk","   The MASH team consists of professionals from children_s services, health, education, police, probation, housing, early intervention and prevention service, youth offending, London victim support.The Multi Agency Safeguarding Hub team will exchange information about the child and the family in a confidential and secure environment, to get a better understanding of the different issues that may be affecting child_s safety and welfare.Child protectionQuality Assurance ServiceChildren in Waltham Forest who are Looked After or are the subject of a Child Protection Plan, will have their Care or Protection Plans overseen by staff from the Children's Quality Assurance Service.   The MASH team consists of professionals from children_s services, health, education, police, probation, housing, early intervention and prevention service, youth offending, London victim support.The Multi Agency Safeguarding Hub team will exchange information about the child and the family in a confidential and secure environment, to get a better understanding of the different issues that may be affecting child_s safety and welfare.Child protectionQuality Assurance ServiceChildren in Waltham Forest who are Looked After or are the subject of a Child Protection Plan, will have their Care or Protection Plans overseen by staff from the Children's Quality Assurance Service.",Professional & Individual Referrals,"Walthamstow London E17 9PH 020 8496 2310 (Mon-Thurs, 9am-5.15pm and Fri, 9am-5pm) 020 8496 3000 (out of hours) Txt: Fax: 020 8496 2313 MASHrequests@walthamforest.gov.uk"
Children's Social Services (CSS),Barking & Dagenham (CSS),"Assessment teamGround Floor, Roycraft House, 15 Linton Road, Barking, IG11 8HE 020 8227 3811 childrenss@lbbd.gov.ukIn an emergency outside normal office hours, please contact the Police (999).",Childrens Social Services,Professional & Individual Referrals,"Assessment teamGround Floor, Roycraft House, 15 Linton Road, Barking, IG11 8HE 020 8227 3811 childrenss@lbbd.gov.ukIn an emergency outside normal office hours, please contact the Police (999)."
Children's Social Services (CSS),Redbridge (CSS),"Lynton House255-259 High RoadIlford IG1 1NN",Childrens Social Care,Professional & Individual Referrals,"Phone number020 8708 3885Out of hours number020 8708 5897Emergency number020 8708 5897"
Children's Social Services (CSS),Havering (CSS)," Havering Social ServicesTel: 01708 432000Town Hall, Main Rd, Romford, Essex, RM1 3BD",Childrens Social Care,Professional & Individual Referrals," Havering Social ServicesTel: 01708 432000Town Hall, Main Rd, Romford, Essex, RM1 3BD"
Children's Social Services (CSS),South Essex (CSS),Essex County Council Chelmsford CM1 1 QH,Childrens Social Care,Professional & Individual Referrals,Tel: 03457430430. Text phone: 03457585592
Specialist Services (SS),Brook,"Loxford Polyclinic, Ilford Lane, Ilford, Essex IG1 2SNTelephone0808 802 1234. Emailadmin@brookcentres.org.uk.  Websitehttp://www.brook.org.ukOpening timesThursday - 5.15pm to 7.30pm and Saturday - 2.00pm to 4.00pmLoxford",Free and confidential sexual health advice and contraception to young people up to the age of 25.,https://www.brook.org.uk,"Loxford Polyclinic, Ilford Lane, Ilford, Essex IG1 2SNTelephone0808 802 1234. Emailadmin@brookcentres.org.uk.  Websitehttp://www.brook.org.ukOpening timesThursday - 5.15pm to 7.30pm and Saturday - 2.00pm to 4.00pmLoxford"
Specialist Services (SS),CHANCE Mentoring and Counselling,"General enquiries (North London office)Mentoring enquiries (volunteer@chanceuk.com or 020 7281 5858 ext. 227)Media, funders and corporate enquiries (Gracia)Fundraising (Navinder)Hackney, Islington and Girls Programme (Ross)Enfield and Waltham Forest programme (Caroline)Lambeth and Westminster programme (Andrea)National development and social franchises (Orli)Evaluation and Research (Christine)","Mentors and staff use a solution-focused approach to grow a child_s strengths, build their self-esteem, and find positive alternatives to their challenging behaviour that could otherwise result in anti-social or criminal offending in later life.Our objectivesIntroduce more safety and stability into children_s livesDirectly address the difficulties experienced by each child and familyChannel children_s energy into projects that give a sense of personal achievementNurture children_s self-worthReduce the isolation children and families may be experiencingSupport children to find the motivation and life skills to move forward positively.",Professionals,"General enquiries (North London office)Mentoring enquiries (volunteer@chanceuk.com or 020 7281 5858 ext. 227)Media, funders and corporate enquiries (Gracia)Fundraising (Navinder)Hackney, Islington and Girls Programme (Ross)Enfield and Waltham Forest programme (Caroline)Lambeth and Westminster programme (Andrea)National development and social franchises (Orli)Evaluation and Research (Christine)"
Specialist Services (SS),Childline,National Support,"Free, 24 hour helpline for children and young people in danger of distress.",https://www.childline.org.uk,Tel: 0800 1111
Specialist Services (SS),Eating Disorder Services,"The Hope WingPorters Avenue Health Centre234 Porters AvenueDagenhamRM8 2EQTel: 0300 555 1216Fax: 0844 931 0137Email: eating.disorder@nelft.nhs.ukOpening times: 9am - 5pm, Monday to FridayReferrals","We treat a range of eating disorders alongside co-morbidities from first presentation to severe and intractable. Treatment programmes are evidence-based care packages tailored to meet the needs of service users and their carers. We offer assessment, treatment and management to people with anorexia nervosa, bulimia nervosa, binge eating disorder or mixed eating disorder symptoms (eating disorders not otherwise specified).",Professionals,"Tel: 0300 555 1216Fax: 0844 931 0137Email: eating.disorder@nelft.nhs.ukOpening times: 9am - 5pm, Monday to Friday"
Specialist Services (SS),Family and Childcare Trust,National Support,National childcare charity working to promote high quality afforable childcare for all. ,http://www.familyandchildcaretrust,Email: info@familyandchildcaretrust.org
Specialist Services (SS),Family Lives ,National Support ,"Family Lives was formally registered as a charity in 1999, and operated under the name of Parentline Plus. The charity's original formation as Parentline was founded in response to the tragic child abuse case of Maria Colwell in 1973, who was killed by her step-father. The parents that founded Parentline believed that there needed to be a dedicated organisation supporting parents, before they reached crisis point which could result in abuse. A merger in 1999 between the National Stepfamilies Association, Parentline and Parent Network built on the collective experience of these three charities, to provide a range of national and local services to support parents and families",Open referral,"If you need advice or support with a family or parenting issue, please call our free helpline on 0808 800 2222. Unfortunately we are not able to provide support via email. Family Lives Head Office:  020 7553 308015-17 The Broadway, Hatfield, Hertfordshire, AL9 5HZFamily Lives Essex: 01702 389576Endway House, Endway, Hadleigh, Essex SS7 2AN"
Specialist Services (SS),Great Ormond Street,"Great Ormond Street Hospital for Children NHS Foundation TrustGreat Ormond StreetLondon WC1N 3JH","Most of the children  are referred from other hospitals throughout the UK and overseas. There are more than 50 different clinical specialties at GOSH. Finding  new and better treatments and cures for childhood illnesses has always been central.GOSH is also at the forefront of paediatric training in the UK. ",http://www.gosh.nhs.uk,"Great Ormond Street HospitalGreat Ormond StreetLondonWC1N 3JH02074059200"
Specialist Services (SS),Haven Abuse Network," info@wfhaven.org.uk, call 020 8520 0755 ","Haven is unique in that it is the only organisation in Waltham Forest and the surrounding boroughs that offers a specific service to victims of sexual violence and / or sexual abuse and domestic violence.Haven supports, assists and empowers young people and adults who have suffered incest, childhood sexual violence or and/or abuse, domestic violence, physical, mental and emotional abuse, rape and torture. Haven was founded in 1982 by Chris Casey, herself a survivor of abuse, who realised that there was a lack of services for victims of Childhood Sexual Abuse and Incest. Initially called Waltham Forest Incest Survivors Group, it was based firstly at the Waltham Forest Women_s Centre and then at Greater London House in Leytonstone before moving to its present premises in The Peterhouse Community Centre,122, Forest Rise,Walthamstow E17 3PW.  The change in name was a natural progression that followed the increase of referrals covering all forms and aspects of sexual abuse. The Haven is a registered charity.",http://www.havennetwork.org.uk,Tel: 020 8520 0755 | Email: info@wfhaven.org.uk
Specialist Services (SS),MEND Obesity Support,,"Our expert teams develop healthy lifestyle programmes for children and adults, plus resources and training for professionals.",http://www.mendcentral.org,Tel: 0800 2300 263 | Email: info@mytimemend.co.uk
Specialist Services (SS),Misophonia UK,http://www.misophonia-uk.org,"Misophonia UK has an explicit commitment to the following groups: 1) medical and healthcare practitioners2) the scientific and research communities3) people with misophonia, their families, friends and colleagues4) the general public",http://www.misophonia-uk.org,Email: admin@misophonia-uk.org
Specialist Services (SS),MIND ,Info@mind.org.uk,"We provide advice and support to empower anyone experiencing a mental health problem. We campaign to improve services, raise awareness and promote understanding. We won't give up until everyone experiencing a mental health problem gets support and respect.",Open referral,Info@mind.org.uk
Specialist Services (SS),National Association of Premenstrual Syndrome (NAPS),"41 Old RoadEast PeckhamKentTN12 5AP",We are a charity and by making a donation you can help us continue our work in both supporting individual PMS sufferers and promoting a greater awareness of PMS and of its treatment. The impact of PMS should not be underestimated; the condition can be devastating to countless thousands of women and their families. Your donation will help us to help them.,http://www.pms.org.uk,Tel: 0844 8157311 | Email: contact@pms.org.uk
Specialist Services (SS),National Self Harm Network,http://www.nshn.co.uk/,"The aims of this forum are to:Support individuals who self harm to reduce emotional distress and improve their quality of lifeSupport and provide information for family and carers ofindividuals who self harmRaise awareness of the needs of people who self harm, dispel myths and combat discriminationEmpower and enable those that self harm to seek alternatives to self harm and further help where appropriate",Online Support Forum,http://www.nshn.co.uk/
Specialist Services (SS),Self Injury Support,"TESS - text and email support for girls and young women up to 24yrsOpen Sunday to Friday evenings 7pm - 9pmTESS text number for support - 0780 047 2908 (charged at your normal rate)TESS email  CASS - Women's Self-injury Helpline 0808 800 8088","What we dorun TESS text and email support for self-injury and self harmoffer a Women's Self-injury Helplineproduce information and publications about self-injurydeliver talks and self-injury training courses to professionalssupport self-injury self-help groupsHow we workSelf injury Support is run by a management group. TESS and our Women's Self-injury Helpline are staffed by volunteers, who receive full training and support for their work. Volunteers work alongside paid workers in carrying out many aspects of the organisation's work.",Open referral,"TESS - text and email support for girls and young women up to 24yrsOpen Sunday to Friday evenings 7pm - 9pmTESS text number for support - 0780 047 2908 (charged at your normal rate)TESS email  CASS - Women's Self-injury Helpline 0808 800 8088"
Specialist Services (SS),Samaritans,"663 Lea bridge Road, Leyton, London, E10 6AL","HOW OUR SERVICE HELPSIf you're given the time and space to talk things through, you can find a way through your problems.Samaritans help you to explore your options so you can make decisions that are right for you.",http://www.samaritans.org,"Samaritans of Havering107 North Street, Romford, Essex, RM1 1ERT: 01708 740 000The Samaritans of Redbridge8 Mildmay Road, Ilford, Essex, IG1 1DTT: 020 8553 9900 The Samaritans of Waltham Forest663 Lea bridge Road, Leyton, London, E10 6ALT: 020 8520 9191 (local call charges apply)Distance: 9.5 MilesThe Samaritans of Basildon and Thurrock16 Little Lullaway, Basildon, Essex, SS15 5JJT: (01268) 412000 "
Specialist Services (SS),Talking Point,"I CAN Help Enquiry Service.  020 7843 2544 to arrange a free phone call from one of I CAN's speech and language therapists, or you can email your questions to help@ican.org.uk. For more information visit www.ican.org.uk/help","Information about speech, language and communication difficulties in children. ",http://www.talkingpoint.org.uk,"I CAN Help Enquiry Service.  020 7843 2544 to arrange a free phone call from one of I CAN's speech and language therapists, or you can email your questions to help@ican.org.uk. For more information visit www.ican.org.uk/help"
Specialist Services (SS),Tavistock (Portman Clinic),"120 Belsize LaneLondonNW3 5BA","The Young People_s Consultation Service is an NHS service that offers 4 free, confidential consultations to anyone aged between 16 and 30 who has personal or emotional difficulties or dilemmas that they would like to talk to somebody about.For example, these could be difficulties in relationships with family, friends or partners, or with school, college or work.","If you would like to make a self-referral, or just ask us a bit more about YPCS, you can contact us on 020 8938 2337 or email YPCS@tavi-port.nhs.uk. Our administrator will take your contact details, and then we will call you back to have a brief conversation with you, just to make sure that this does seem to be the most helpful service for you.  You can let us know when would be the best time to call.","Young People_s Consultation Service020 8938 2337ypcs@tavi-port.nhs.ukAdolescent and Young Adults Service020 8938 2326atyps@tavi-port.nhs.ukhttp://tavistockandportman.uk"
Specialist Services (SS),The Hideout,http://www.thehideout.org.uk,"Provides indirect and informal support to children and young people living with domestic violence for someone in their family who has a physical or mental illness, a disablitiy or substance misuse problem. The site also contains a section with information for parents.",http://www.thehideout.org.uk,http://www.thehideout.org.uk
Specialist Services (SS),Zig Zag Bereavement Councilling,Tel: Tel: 020 8539 5592 | Email: margaretcentre@whippsx.nhs.uk,Bereavement Psychological Input for all ages based at St Margerets Whips Cross Hospital,www.whippsx.nhs.uk Professional referral,Tel: Tel: 020 8539 5592 | Email: margaretcentre@whippsx.nhs.uk
ADHD/  Attention Deficit Hyperactivity Disorder ,AADD-UK,http://aadduk.org,"Placement of a listing on the AADD-UK website does not represent an endorsement by AADD-UK, nor does it represent any testimony by AADD-UK as to the quality of the services provided. AADD-UK does reserve the right to accept or reject listings on the AADD-UK website at any time. Inclusion on this list may not be used for advertising or endorsement purposes.",http://aadduk.org,http://aadduk.org
ADHD/  Attention Deficit Hyperactivity Disorder ,ADD+UP,"Sheila Keelingadd+up 59 Billet Lane HornchurchEssexRM11 1AXTel: 01708-454040Fax: 01708469445Open weekdays (except wednesday) between 10am and 4pm, by appointment, for advice, support and information.* Telephone Helpline: 01708-454040 weekdays 10am till 4pm","Add+up stands for ""Attention Deficit Disorders: Uniting Parents"". We are a registered charity, support and action group run by parents of children with ADHD",http://www.addup.co.uk/,"Sheila Keelingadd+up 59 Billet Lane HornchurchEssexRM11 1AXTel: 01708-454040Fax: 01708469445Open weekdays (except wednesday) between 10am and 4pm, by appointment, for advice, support and information.* Telephone Helpline: 01708-454040 weekdays 10am till 4pm"
ADHD/  Attention Deficit Hyperactivity Disorder ,Netmums.com,Online support,Find help and advice for children with ADHD (Attention Deficit Hyperactivity Disorder) in Barking Dagenham. To find national support please visit our Support Organisations pages.,http://www.netmums.com,Email: help@netmums.com
ADHD/  Attention Deficit Hyperactivity Disorder ,Positive Parents,"Positive Parents, First Step Building,Tangmere Crescent, Hornchurch, RM12 5PP","Positive ParentsSupporting families of children and young people with Special Educational Needs and Disabilities in the London Borough of HaveringWelcome to the Positive Parents website",http://www.positiveparentshavering.org.uk,Tel: 01708 524627 | Email:  info@positiveparentshavering.org.uk
ADHD/  Attention Deficit Hyperactivity Disorder ,RADDISH (Redbridge Attention Deficit Disorder in Shared Hands),"C/o Redbridge CVS3rd Floor, Forest House16-20 Clements RoadIlford IG1 1BA","Supports  ADHD and associated disorders by offering advice, information, guidance and help in accessing services. We also aim to promote awareness of ADHD to improve services amongst professionals and the public. Various play activities are organised for children, as well as coffee and pub evenings for parents and carers. ",Open referral,Tel: 020 8550 0330 | Email: info@raddish.org
ADHD/  Attention Deficit Hyperactivity Disorder ,Waltham Forest Children & Young People's Directory,Online Support,"Website containing comprehensive listing of information, support groups and web links regarding Attention Deficit Hyperactivity Disorder.",http://walthamforest.childrensservicedirectory.org.uk/,http://walthamforest.childrensservicedirectory.org.uk/
Autism,Autism Anglia,Tel: 01206 577678 | Email:  info@autism-anglia.org.uk,Autism Anglia provides a range of services to enable people with autism to live as independently as possible and experience choice and inclusion in society.,http://www.autism-anglia.org.uk/,Tel: 01206 577678 | Email:  info@autism-anglia.org.uk
Autism,AutismLinks,"15 Althorne Way, Dagenham, Essex, RM10 7AX",Useful information in regards to Autism.,http://www.autismlinks.co.uk/support-groups,Tel: 0208 593 4422 | Email: carers@carerscentre.org.uk
Autism,CAFamily,"Contact a Family209-211 City RoadLondonEC1V 1JN",Contact a Family is a national charity for families with disabled children.,http://www.cafamily.org.uk/,Tel: Tel: 020 7608 8700 | Email: info@cafamily.org.uk
Autism,KNI Foundation ,"KNI Foundation, Higham Hill Hub,Higham Hill Park, Hecham Close, London, E17 5QT","FRONTLINE STAFFOur frontline staff delivering our programmes are carefully selected for their expertise, experience and above all their passion for what they do. We use counselors, therapists, psychologists, youth workers, mentors, sports coaches, performing arts tutors and family practitioners to deliver the innovative programmes that we have developed. Our staff are fully vetted, DBS checked and given opportunities to train, learn new skills and develop as professionals. We may be looking to recruit new staff members at any time, so if you think you can add something special to our existing KNI Family then we would to hear from you! Please send a CV and cover letter to dean@knifoundation.org. ",Open Referral,"(0044) 208 527 5332Monday _ Friday: 9AM _ 9PMSaturday: 10AM _ 7PMSunday: 10AM - 7PMEMAILGeneral Enquiriesenquiries@knifoundation.orgReferralsdean@knifoundation.org"
Autism,Peach Autisim Support,"Child Autism UKThe Brackens, London Road,Ascot, Berkshire. SL5 8BETelephone: 01344 882248Facsimilie: 01344 882391- See more at: http://www.childautism.org.uk/#sthash.nwms51rC.dpuf","Child Autism UK helps children with autism achieve their potential. We provide services to enable children to overcome difficulties with communication, learning and life skills and give families the techniques and strategies to cope with autism through the use of Applied Behaviour Analysis (ABA). Child Autism UK also provides training and a network for ABA professionals working with young children. - See more at: http://www.childautism.org.uk/#sthash.nwms51rC.dpuf",Open  Referals,"Child Autism UKThe Brackens, London Road,Ascot, Berkshire. SL5 8BETelephone: 01344 882248Facsimilie: 01344 882391- See more at: http://www.childautism.org.uk/#sthash.nwms51rC.dpuf"
Autism,Positive Parents,"Positive Parents, First Step Building,Tangmere Crescent, Hornchurch, RM12 5PP",Supporting families with Autism.,http://www.positiveparentshavering.org.uk/#/autism,Tel: 01708 524627 | Email:  info@positiveparentshavering.org.uk
Autism,RAGS,"Taunton Hall, 90 Taunton Road, Harold HIll, Romford, Essex RM3 7SU","Romford Autistic Group Support (RAGS) is a support group set up by parents of children with autism within the London Borough of Havering. The group was founded in September 2003 at the request of a groups of dads who wanted to be able to socialise with their children in an accepting, tolerant and non-judgemental environment.",Open Referral,Tel: 07528 433640  
Autism,Redbridge Forum,"Redbridge Forum98-100 Ilford LaneIlfordEssexIG1 2LD","We are a charity organisation based in Redbridge and our aim is to help improve the quality of life for people with a learning disability and their carers, including those on the autistic spectrum.We are part of the Redbridge Disability Consortium with offices in Ilford Lane. We offer information and signposting along with the following projects. At present we run 2 projects for children; Fun 4 All and TrueColours. We offer support for our members to learn to use the internet, along with other IT skills. We may be able to offer some help with form filling for people with a learning disability.","Mail:info@redbridgeforum.co.ukchris@redbridgeforum.co.ukolivia@redbridgeforum.co.uk0208478751","Redbridge Forum98-100 Ilford LaneIlfordEssexIG1 2LD. 0208478751"
Autism,Redbridge Disability Consortium,"98-100 Ilford Lane, Ilford, Essex, IG1 2LD","We are passionate about developing high quality, accessible services for disabled groups, working in partnernship to influence policy and outcomes affecting disabled groups; and challenging the stigma and discrimination that disabled people encounter in their day-to-day lives.",http://redbridgedisabilityconsortium.org/,Tel: 020 8925 2435 | Email: info@redbridgedisabilityconsortium.org
Autism,STAAR ,Julie Rennie020 8532 2795  rennie_julie@yahoo.co.uk. Website http://www.staar-redbridge.org.uk/,"Supporting Those with Autism and Aspergers in Redbridge (also known as STAAR) is a voluntary organisation that provides information and support to parents/carers of children with autism, aspergers and similar disorders.",Julie Rennie020 8532 2795  rennie_julie@yahoo.co.uk. Website http://www.staar-redbridge.org.uk/,Julie Rennie020 8532 2795  rennie_julie@yahoo.co.uk. Website http://www.staar-redbridge.org.uk/
Autism,Scope,"Tel: 0808 800 3333 | Email: helpline@scope.org.uk","Scope is a charity that exists to make this country a place where disabled people have the same opportunities as everyone else. Until then, we_ll be here.",http://www.scope.org.uk/,"Tel: 0808 800 3333 | Email: helpline@scope.org.uk"
Autism,Sycamore Trust,27-29 Woodward Road Dagenham RM9 4SJ Autism Hub: Unit H 14 Lauri Walk Romford RM13RT. ,Educating the community and empowering individuals affected by Autistic Spectrum Disorders and/or Learning Difficulties.,http://www.sycamoretrust.org.uk/contact-us/,Tel: 01708 749 816 | Email: autismhub@sycamoretrust.org.uk. Head Office: 0208 517 9317 02082625330
Autism,Waltham Forest Autism Support,Oline Support,Useful information in regards to Autism.,http://www.autismsupport-wf.co.uk/links.asp,Web: http://www.autismsupport-wf.co.uk/contact.asp
Autism,Waltham Forest Parent Forum,"92 Leyton Green Rd, London E10, UK",Our aim is to  provide feedback on the development and direction of services for disabled children and young people in the borough to key policy makers in the borough and to support families through sharing experiences and building networks.,http://www.walthamforestparentforum.com/,Tel: 07528 433640  
Abuse,Barnardos,National Support,"Barnardo'sTanners LaneBarkingsideIlfordEssexIG6 1QG",http://www.barnardos.org.uk/,Tel: 0800 11 11 
Abuse,CEOP (Child Exploitation & Online Protection Centre),"33 Vauxhall Bridge RoadLondon SW1V 2WG","The NCA's CEOP Command (formerly the Child Exploitation and Online Protection Centre) works with child protection partners across the UK and overseas to identify the main threats to children and coordinates activity against these threats to bring offenders to account. We protect children from harm online and offline, directly through NCA led operations and in partnership with local and international agencies.",https://www.ceop.police.uk/Contact-Us/Contact-form/,Tel: e: +44 (0)870 000 3344
Abuse,Childline,National Support,"Free, 24 hour helpline for children and young people in danger of distress.",https://www.childline.org.uk/Pages/Home.aspx,Tel: 0800 1111
Abuse,Everyman Project,National Support,Aims to help men change their violent or abusive behaviour.,http://www.everymanproject.co.uk/,Tel: 0207 263 8884
Abuse,Mosac,Online Support,"Support for all non-abusing parent and carers whose children have been sexually abused. Provides support, advice information and counselling. ",http://www.mosac.org.uk/,"Tel: 0800 980 1958 | Email: enquiries@mosac.org.uk"
Abuse,Napac,National Support,Support for people who have been abused at childhood.,http://napac.org.uk/,Tel: 0808 801 0331
Abuse,"NATIONAL. SUPPORT. FOR WOMEN , ABUSE,DOMESTIC ABUSE,SEXUAL ABUSE & OTHER SUPPORT",National Support,"NATIONAL. SUPPORT. FOR WOMEN , ABUSE,DOMESTIC ABUSE,SEXUAL ABUSE & OTHER SUPPORT:                                                                                         National Rape Crisis Helpline _ 0808 8029999                                                                                 National Domestic Violence Helpline _ 0808 2000 247 _ Free phone 24 hour National Domestic Violence Helpline, run in partnership between Women_s Aid and Refuge (calls from a land line are free).Broken Rainbow UK 08452 60 44 60 and Galop  020 7704 2040 both provide support to lesbian, gay, bisexual and transgender people experiencing domestic abuse and violence.The National Stalking Helpline _ 0808 802 0300",OPEN REFERRAL,National Organisations
Abuse,"NATIONAL. SUPPORT. FOR WOMEN , ABUSE,DOMESTIC ABUSE,SEXUAL ABUSE & OTHER SUPPORT",National Support,"NATIONAL. SUPPORT. FOR WOMEN , ABUSE,DOMESTIC ABUSE,SEXUAL ABUSE & OTHER SUPPORT Co-ordinated Action Against Domestic Abuse (CAADA) List of useful links to a variety of helpful organisationsSurviving Economic Abuse _ a resource website for women on surviving economic abuse.",OPEN REFERRAL,National Organisations
Abuse,NSPCC,National Support,Advice on child abuse and cruelty.,https://www.nspcc.org.uk/,National Rape Crisis Helpline _ 0808 802 9999 _ Open 12noon _ 2.30pm and 7pm _ 9.30pm every day of the year
Abuse,NSPCC,National Support,"Our ChildLine service is there to help. ChildLine counsellors offer advice and support 365 days a year. Our trained ChildLine counsellors talk to children on the phone and online, helping them with any problem they are facing.",Open  Referals,https://www.nspcc.org.uk
Abuse,Stay Safe East ,. Tel: 020 8519 7241  Mobile /SMS text: 07958 134 122   E-mail: advocacy@staysafe-east.org.uk,"Stay Safe East works in Waltham Forest, Newham and Redbridge for the rights of Deaf and disabled people to be free from domestic and sexual violence, as well as of hate crime and bullying. They are an advocacy project run by disabled people for disabled people and you can talk to a female or male advocate. They can support you to help keep yourself safe, report violence and abuse and to get help with housing, benefits, parenting issues or any other help you need. ",Open Referrals,"National Domestic Violence Helpline _ 0808 2000 247 _ Free phone 24 hour National Domestic Violence Helpline, run in partnership between Women_s Aid and Refuge (calls from a land line are free)"
Abuse,Stop It Now,"Stop it Now! UK & IrelandNightingale House46-48 East StreetEpsomKT17 1HQTel: 01372 847 160Fax: 01372 847 162Email: office@stopitnow.org.ukFor confidential emails: help@stopitnow.org.uk",Aims to preven child sexual abuse by increasing public awareness and empowering people to act responsibly to protect children. ,http://www.stopitnow.org.uk/,"Stop it Now! UK & IrelandNightingale House46-48 East StreetEpsomKT17 1HQTel: 01372 847 160Fax: 01372 847 162Email: office@stopitnow.org.ukFor confidential emails: help@stopitnow.org.uk"
Abuse,Specialist Womens Services,"East London Rape Crisis Service _ 020 7683 1210 _ helpline is run by the charity Nia who aim to prevent violence against women and children and protect women and children who have experienced gender-based violenceVictim Support Waltham Forest _ 020 8556 6006Ashiana _ 020 8539 0427 _ provides refuge and outreach services to South Asian, Turkish and Iranian women aged 16-30 who are experiencing domestic violence, forced marriage and/or sexual violence with culturally sensitive advice, support and safe housing- enabling them to make positive and appropriate choices for themselves.Waltham Forest Haven _ 020 8539 4157 Offers Specialist ServicesThe Kiran Project _ 020 8558 1986 _ provides safe, temporary accommodation and support services to Asian women and their children who are under threat of domestic violence in the London Borough of Waltham Forest. This is a culturally sensitive service provided by Asian women for Asian women and children.Report It provides free and confidential advice and support to anyone living or working in Waltham Forest who has been a victim of hate crime or domestic violence.",1.East London Rape Crisis Srvices 2. Victim Support Waltham Forest. 3. Aishiana Refuge. 4. The Kiran Project,Open Referral,"East London Rape Crisis Service _ 020 7683 1210 _ helpline is run by the charity Nia who aim to prevent violence against women and children and protect women and children who have experienced gender-based violenceVictim Support Waltham Forest _ 020 8556 6006Ashiana _ 020 8539 0427 _ provides refuge and outreach services to South Asian, Turkish and Iranian women aged 16-30 who are experiencing domestic violence, forced marriage and/or sexual violence with culturally sensitive advice, support and safe housing- enabling them to make positive and appropriate choices for themselves.Waltham Forest Haven _ 020 8539 4157 Offers Specialist ServicesThe Kiran Project _ 020 8558 1986 _ provides safe, temporary accommodation and support services to Asian women and their children who are under threat of domestic violence in the London Borough of Waltham Forest. This is a culturally sensitive service provided by Asian women for Asian women and children.Report It provides free and confidential advice and support to anyone living or working in Waltham Forest who has been a victim of hate crime or domestic violence."
Abuse,SOLACE Womens Aid,"Helpline freephone:0808 802 5565 Email us:advice@solacewomensaid.org. Our address:Unit 5-7Blenheim Court62 Brewery RoadLondonN7 9NY","Advice & AdvocacyCounsellingFamily & childrenLegal servicesRefugesSexual Violence Services (North London Rape Crisis)The Ascent project",Open Referrals,"The Survivor_s Handbook from the charity Women_s Aid is free and provides information on a wide range of issues such as housing, money, helping your children and your legal rights. The handbook is available as a downloadable PDF in 11 languages."
Abuse,Tulips Waltham Forest , Tel: 020 3700 0266 Email : sarah.vile@walthamforesttulips.org,"Waltham Forest Tulips is a domestic abuse support service for victims and survivors who live in the London Borough of Waltham Forest.  Their confidential support service includes crisis support, risk assessment, safety planning, access to drop-in centres, access to support groups, and referrals to refuges/emergency accommodations. ",Open Referral, Tel: 020 3700 0266 Email : sarah.vile@walthamforesttulips.org
Abuse,The Repect Support for Domestic Violence Perpertrators,The Respect Phoneline is available on freephone 0808 802 4040 Monday - Friday 9am-5pm info@respectphoneline.org.uk .A voicemail service is available: we aim to return calls within two working days. We aim to reply to emails within two working days. We aim to speak to at least 50% of all callers aiming to access the Respect Phoneline every month.,"for perpetrators of domestic violence of either gender and professionals, who would like further information about services for those using violence/abuse in their intimate partner relationships.",Open referral,"Broken Rainbow UK 08452 60 44 60 and Galop  020 7704 2040 both provide support to lesbian, gay, bisexual and transgender people experiencing domestic abuse and violence."
Abuse,Women's Aid,"24-hour National Domestic ViolenceFreephone Helpline0808 2000 247Run in partnership between Women's Aid and Refuge","Support for women experiencing physiclal, emotional or sexual violence at home.",Open  Referals,"24-hour National Domestic ViolenceFreephone Helpline0808 2000 247Run in partnership between Women's Aid and Refuge"
Addiction/Drugs,Addaction,http://www.addaction.org.uk/please-get-touch,"Addaction support adults, children, young adults and older people to make positive behavioural changes. Whether that's with alcohol, drugs, or mental health and wellbeing, we_re here to help people improve their lives in ways they never thought possible.",http://www.addaction.org.uk/please-get-touch,http://www.addaction.org.uk/please-get-touch
Addiction/Drugs,Drinkaware,"Finsbury Circus (Salisbury House)3rd Floor (Room 519)LondonEC2M 5QQ",Provides information on alcohol to consumers to allow them to make informed decisions about the effects on lives and lifestyles.,https://www.drinkaware.co.uk/contact,Tel: 0300 123 1110 | Email: contact@drinkaware.co.uk
Addiction/Drugs,FRANK,National,Free confidential advice and information on drugs 24 hours a day. ,http://www.talktofrank.com/,Tel: 0300 123 6600
Addiction/Drugs,Gamcare,National,"Information, advice and practical help in relation to gambling.",http://www.gamcare.org.uk/,Tel: 0808 8020 133 | Email: info@gamcare.org.uk
Addiction/Drugs,Waltham Forest 722,"722 Leytonstone High RoadLeytonstoneE11 3AJTel: 0300 555 1158Fax: 0844 931 0166Opening times: 9am - 5pm, Monday to FridayReferrals","722 young people_s substance misuse service provides a free, friendly and confidential service that offers help and support to children and young people up to the age of 19 who live in Waltham Forest who misuse drugs and alcohol.722 offers help and support to young people including:offering harm reduction information and advicerelapse preventionmeeting young people_s substance misuse treatment needsproviding access to detox and rehabmaking appropriate referrals into specialist treatmentprescribing services informationadvising on sexual health services.","ReferralsReferrals will eb accepted from GPs, school nurses, social services, teachers, specialist children's centres, parents and carers. Young people can also refer themselves","722 Leytonstone High RoadLeytonstoneE11 3AJTel: 0300 555 1158Fax: 0844 931 0166Opening times: 9am - 5pm, Monday to FridayReferrals"
Addiction/Drugs,Release ,"Help and AdviceIf you want help or advice email ask@release.org.uk telephone 020 7324 2989.Media EnquiresContact either Niamh Eastwood email niamh@release.org.uk telephone 020 7324 2980 or 07900 002632or Edward Fox email edwardfox@release.org.uk telephone 020 7324 2978 or 07917017816 ServicesIf you are interested in commissioning services from Release including expert witness, contact Keith Edwards email keith@release.org.uk telephone 020 7324 2979.","Release provides a free confidential and non-judgemental national information and advice service in relation to drugs and drug laws. Our Drug & Legal teams who operate and respond to your queries are highly knowledgeable lawyers and drug professionals which are on-hand to help and advise you. We don_t use guides or frequently asked question menus, as each question or query will depend upon a unique set of facts and circumstances, so don_t be embarrassed to ask a question. ",Open Referrals,Tel: 0207 324 2989 | Email: ask@release.org.uk
Adoption,Adoption UK,National ,"Adoption UK is a national charity run by and for adopters, providing self-help information, advice, support and training on all aspects of adoption and adoptive parenting. ","Referrals will eb accepted from GPs, school nurses, social services, teachers, specialist children's centres, parents and carers. Young people can also refer themselves",Tel: 01295 752 240 
Adoption,BAAF,National ,British Association for Adopting and Fostering. Provides advice and support for adoptive and foster parents. ,http://www.baaf.org.uk/,Tel: 0300 222 5775 | Email: advice@corambaaf.org.uk
Adoption,Essex Adoption and Fostering,"Get in touchAsk about Adoptionor call us 0800 801 530",An agency for Adoption in the Essex area.,http://www.essexadoptionandfostering.co.uk/adoption/contact-essex-adoption-agency/,"Tel: 0800 801 530 | Email: adoption.recruitmentteam@essex.gov.uk."
Adoption,First 4 Adoption,National ,UK adoption service,http://www.first4adoption.org.uk/,Tel: 0300 222 0022
Adoption,Havering London Borough Adoption Service,"Complete a adoption enquiry form onlineEmail us at adoption@havering.gov.ukCall us on 01708 434577._","Adoption is a lifelong commitment; it is a legal process in which a child permanently becomes part of a new family, as they lose all legal ties with their birth parents. We understand that Adoption is a demanding task and so we offer support from the very first time you contact us, right through to when a child joins your family and beyond.",https://www.havering.gov.uk/Pages/OnlineForms/Make-an-adoption-enquiry.aspx,"Contact usComplete a adoption enquiry form onlineEmail us at adoption@havering.gov.ukCall us on 01708 434577._"
Adoption,Think Adoption ,"Barking & Dagenham,  Redbridge , Havering & Waltham Forest. http://thinkadoption.org/ 02082275854& 0208 7087532 & 01708 434557 & 02084961588",North East London Adoption  Services,http://thinkadoption.org/ 02082275854& 0208 7087532 & 01708 434557 & 02084961588,http://thinkadoption.org/ 02082275854& 0208 7087532 & 01708 434557 & 02084961588
Advice - General,Citizens Advice,National ,"Citizens Advice is the online CAB service that gives you information on your rights for all four UK countries, and on a wide range of topics, incouding benefits and employment, and debt and legal issues. Some content is in Welsh, and also ethnic community languages. ",https://www.citizensadvice.org.uk/,https://www.citizensadvice.org.uk/
Support,CAFCASS,"Speak to someone about your case with Cafcass Phone: 0300 456 4000Email: Telephoneenquiries@cafcass.gsi.gov.uk",Support for Families ,Support for Families,"Speak to someone about your case with Cafcass Phone: 0300 456 4000Email: Telephoneenquiries@cafcass.gsi.gov.uk"
Courts &. Contact,NAYAS ADVOCACY FOR VULNERABLE INDIVIDUALS,"Telephone: 0151 649 8700Email: info@nyas.netMonday to Friday 9:00 am _ 5:00pmMessages can be left at all other times and will be responded to quicklyIf you are in need of support call our HelplineHelpline: 0808 808 1001",Advocay Support ,Referrals,"Telephone: 0151 649 8700Email: info@nyas.netMonday to Friday 9:00 am _ 5:00pmMessages can be left at all other times and will be responded to quicklyIf you are in need of support call our HelplineHelpline: 0808 808 1001"
Courts &. Contact,The Safe Network,"3 Gilmour CloseBeaumont LeysLeicester LE4 1EZ","The Safe Network help to keep children safe when taking part in activies - from after school art clubs to weekend reading groups and more - outside the home. So if you_re wondering whether your child or group is safe and what you can do to make sure they are, visit the site. ",http://www.safenetwork.org.uk,Tel: 0845 608 5404 | Email: enquiries@safenetwork.org.uk
Bereavement,Child Death Helpline,,Freephone service for anyone affected by the death of a child.,http://childdeathhelpline.org.uk/,Tel: 020 7813 8416 | Email: contact@childdeathhelpline.org
Bereavement,Cruse,"Cruse Bereavement Care,PO Box 800RichmondSurreyTW9 1RG",For bereavement support,Open  Referals,Tel: 0844 477 9400 | Email: helpline@cruse.org.uk
Bereavement,Havering & Brentwood (HBBS),"The Hornchurch Business Centre7 Station LaneHornchurchRM12 6JL",For bereavement support,Open referral,Tel: 01708 476912 | Email: enquiries@hbbscounselling.org
Bereavement,KNI FOUNDATION ,"KNI Foundation, Higham Hill Hub,Higham Hill Park, Hecham Close, London, E17 5QT(0044) 208 527 5332General Enquiriesenquiries@knifoundation.orgdean@knifoundation.org","The KNI Foundation was set up in order to provide relief of persons in need by providing access to support services and skill based activity.Working mainly in East London and based in Waltham Forest, we are dedicated to building stronger communities by improving local health, social and economic issues that people in these communities may face. We identify where there are gaps and aim to provide innovative projects and services which fill these gaps; always with an attitude that one size doesn't have to fit all!",Open Referral,"KNI Foundation, Higham Hill Hub,Higham Hill Park, Hecham Close, London, E17 5QT(0044) 208 527 5332General Enquiriesenquiries@knifoundation.orgdean@knifoundation.org"
Bereavement,Winston's Wish,"Winston's Wish LogoGetting in touchHelpline 08452 03 04 05Calls cost 2p per minute plus your phone company_s access charge.","Our vision at Winston_s Wish is that all bereaved children, young people and their families will receive the support they need to achieve their full potential. Meet the people who are working to make that vision a reality.",Open  Referals,Tel: 08452 03 04 05 | Email: info@winstonswish.org.uk
Bereavement,SOBS Suicide Related Bereavement ,"National Helpline 0300 111 50659am to 9pm every day"," founded in 1991 by Alice Middleton MBE, who is now our founding patron.  Following the death of her brother and finding little support available, she placed an advert in her local paper seeking to make contact with others who had been bereaved by suicide.  She started the first support group from her living room in Hull.",Open Referral,"National Helpline 0300 111 50659am to 9pm every day"
Bereavement,Zig Zag Bereavement Councilling,Tel: Tel: 020 8539 5592 | Email: margaretcentre@whippsx.nhs.uk,"Who is Zig Zag for?Zig Zag is for any child between 3 and 11 years of age who needs help and support through times of loss and change ",www.whippsx.nhs.uk,Tel: Tel: 020 8539 5592 | Email: margaretcentre@whippsx.nhs.uk
Bullying, Childnet International,"Studio 14, Brockley Cross Business Centre96 Endwell RoadLondon SE4 2PD","Information, advice, resources for children, parents and getting the most out of new technology and safe and responsible us. ",http://www.childnet.com/,Tel 020 7639 6967 | Email: info@childnet.com
Bullying,Barking & Dagenham Safeguarding At Risk Children,"Ground Floor, Roycraft House, 15 Linton Road, Barking, IG11 8HE","There are different types of abuse that can place a child at risk:Physical abuse such as punching, hitting or burningSexual abuse such as forcing a child to take part in any sexual activityEmotional harm such as making a child feel unloved or useless or constantly putting them downNeglect means not providing a child with enough for their basic needs eg enough food, clothes, medical care",https://www.lbbd.gov.uk/residents/children-young-people-and-families/safeguarding-at-risk-children/overview/,"Tel: 020 8227 3811 | Email: childrenss@lbbd.gov.uk"
Bullying,Bullying UK,National,"Part of Family Lives. Proivdes help on all forms of bullying - at school, cyberbullying, racism, homophobia, bullying in sports etc.",http://www.bullying.co.uk/,Tel: 0808 800 2222
Bullying,Family Lives,National,"As well as our main offer of TeenBoundaries anti-bullying workshops, we have also run a number of other projects around anti-bullying support.",http://www.familylives.org.uk/about/our-services/anti-bullying-projects/,Tel: 0808 800 2222
Bullying,Kidscape,National,Anti - bullying helpline for parents.,https://www.kidscape.org.uk,Email: info@kidscape.org.uk
Bullying,Samaritans ,"CALL116 123 (UK)116 123 (ROI)If there's something troubling you, then get in touch.We're here 24 hours a day, 365 days a year. If you need a response immediately, it's best to call us on the phone. This number is FREE to call. EMAIL USjo@samaritans.orgVISIT USFind your local Samaritans branch.WRITE TO USFreepost RSRB-KKBY-CYJK, PO Box 9090, STIRLING, FK8 2SA",Support Line  Advice Crisis Helpline ,Open Referrals,"CALL 116 123 (UK)116 123 (ROI)If there's something troubling you, then get in touch.We're here 24 hours a day, 365 days a year. If you need a response immediately, it's best to call us on the phone. This number is FREE to call. EMAIL USjo@samaritans.orgVISIT USFind your local Samaritans branch.WRITE TO USFreepost RSRB-KKBY-CYJK, PO Box 9090, STIRLING, FK8 2SA"
Counselling and advice,British Association for Counselling and Psychotherapy (BACP),National,Provides lists of counsellors in your local area.,http://www.bacp.co.uk/,Tel: 01455 883300 | Email: bacp@bacp.co.uk
Counselling and advice,Brentwood Childrens Scociety," Brentwood Catholic Children's Society our contact details are:Childcare HouseLittle Wheatley ChaseRAYLEIGHEssex SS6 9EHPhone: 01268 784544 Fax: 01268 784540 Email: headoffice@bccs.org.ukReferral contactTo self-refer or refer a case please contact:Denice Sealy on 01268 784544","Brentwood Catholic Children's Society provides counselling for children and young adults up to the age of eighteen, regardless of their beliefs.",Open Referral," Brentwood Catholic Children's Society our contact details are:Childcare HouseLittle Wheatley ChaseRAYLEIGHEssex SS6 9EHPhone: 01268 784544 Fax: 01268 784540 Email: headoffice@bccs.org.ukReferral contactTo self-refer or refer a case please contact:Denice Sealy on 01268 784544"
Counselling and advice,Brentood Young Peoples Counselling Services ,"YPCS15b Shenfield RoadThe Hermitage SiteBrentwoodEssexCM15 8AGTel: 01277 230831Email ypcs.brentwood@virgin.net","Counselling can help with___ Anxiety and depression Parent_s separation and divorce Relationship difficulties Coping with bullying The loss of somebody close to you Lack of confidence and low self-esteem Sexuality issues Abuse or other traumatic experiences",Open  Referals,"YPCS15b Shenfield RoadThe Hermitage SiteBrentwoodEssexCM15 8AGTel: 01277 230831Email ypcs.brentwood@virgin.net"
Counselling and advice,Childline,National,"Free, 24 hour helpline for children and young people in danger of distress.",https://www.childline.org.uk/Pages/Home.aspx,Tel: 0800 1111
Counselling and advice,Hear & Now,"Hear and Now1st FloorBroadway Chambers1 Cranbrook RoadIlfordEssexIG1 4DU","Hear and Now is a confidential counselling service for all young people aged 11-17 who live, work or study in the Redbridge area.",http://www.hearnow.org.uk/,Tel: 0300 555 1154 | Email: info@hearnow.org.uk
Counselling and advice,NSPCC ,National,"18 or under?ChildLine offers free, confidential advice and support whatever your worry, whenever you need help. Worried about a child 080880050000800 1111",https://www.nspcc.org,https://www.nspcc.org. 08001111 & 08088005000
Counselling and advice,Pace,"PACE54-56 Euston StreetLondon | NW1 2ES","PACE began in 1985, as part of London's Lesbian & Gay Centre.  Since then, we have grown and developed and in 2015, offer a full range of emotional and practical support to lesbian, gay, bisexual and trans people, and their families.",http://www.pacehealth.org.uk/,Tel: 020 7700 1323 | Email: info@pacehealth.org.uk
Counselling and advice,Phoenix Counselling,"The service is based at St Kilda Children's Centre, 90 Eastern Road in Romford and can be contacted by phone, text or email on the following days:07780 332 240 (Paula - Mondays and Fridays)07780 333 364 (Kim - Tuesdays)Email: phoenix@relatelondonnortheast.org.uk","Funded by the Council and run by London North East Relate, the Phoenix Service offers counselling to young women aged 13-19 who live or study in Havering and need support to face any of the issues below:making pregnancy choiceshad an abortionhave miscarriedexperiencing abuse in their relationshipvictim of sexual exploitationrisky sexual behaviourvictim of rapevictim of sexual abuseexperienced female genital mutilationHow do I contact the service?",Open Referrals ,"The service is based at St Kilda Children's Centre, 90 Eastern Road in Romford and can be contacted by phone, text or email on the following days:07780 332 240 (Paula - Mondays and Fridays)07780 333 364 (Kim - Tuesdays)Email: phoenix@relatelondonnortheast.org.ukWhich young people can access this service?The service is based at St Kilda Children's Centre, 90 Eastern Road in Romford and can be contacted by phone, text or email on the following days:07780 332 240 (Paula - Mondays and Fridays)07780 333 364 (Kim - Tuesdays)Email: phoenix@relatelondonnortheast.org.uk"
Counselling and advice,Renew Bridge Children & Young People Counselling Services,"Bodey HouseChurch Walk BasildonSS14 1WW EssexUnited KingdomSee map: Google MapsOperational locations: basildonEmail: bridge@renew-us.org.ukPhone number: 01268 822 800","Renew Bridge Children and Young People Counselling ServiceCounselling for Children 5 _ 11 years   and Young People from 12 _ 18 years (up to 25 for those with additional needs) for up to 2 years.For Children a sliding scale of fees dependant on household income.Initial assessments from _7.50 - _67.50.Counselling Sessions from _5 - _45 per session.Young People are offered 24 sessions free of charge, this is funded by CCG  The service is fully accessible",Open Referral,"Bodey HouseChurch Walk BasildonSS14 1WW EssexUnited KingdomSee map: Google MapsOperational locations: basildonEmail: bridge@renew-us.org.ukPhone number: 01268 822 800"
Counselling and advice,Relateen Counselling (Havering),"Contact usContact us and one of our friendly and helpful administrators will be able to give you more information.Tel: 01708 441722Email: enquiries@relatenelondon.org.ukPostal AddressRelate North East London, Langtons, Billet Lane, Hornchurch, RM11 1XL",Counsellin for 10-19 years. In Havering and Essex ,Open Referral,"Contact usContact us and one of our friendly and helpful administrators will be able to give you more information.Tel: 01708 441722Email: enquiries@relatenelondon.org.ukPostal AddressRelate North East London, Langtons, Billet Lane, Hornchurch, RM11 1XL"
Counselling and advice,Relate,Tel: 0300 100 1234,"UK's largest provider of relationship support, and every year we help over a million people of all ages, backgrounds and sexual orientations to strengthen their relationships. Find out more about what we do and how we can help you here.",http://www.relate.org.uk/,Tel: 0300 100 1234
Counselling and advice,South Essex Council Support Services For Young People,"Essex County Council, County Hall, Market Road, Chelmsford CM1 1QHTel: 03457 430 430 Contact usTextphone: 03457 585 592 Essex County Council 2012","Adoption and fostering , Information for parents , Protecting vulnerable childrenFamily support,Looked after children ,Youth Offending Service , Young carers , Children with disabilities or special needs ,Healthy child programme",Open  Referals,http://www.essex.gov.uk/Health-Social-Care/Pages/Health-and-Social-Care.aspx
Counselling and advice,The Couple Connection ,"The CoupleConnection is based at CAN Mezzanine, 7-14 Great Dover Street, London SE1 4YR and is brought to you by OnePlusOne.","The CoupleConnection _do it yourself_ relationship support service was created by and is run by OnePlusOne, the UK's leading relationship research organisation.",http://thecoupleconnection.net/contacts/new,"The CoupleConnection is based at CAN Mezzanine, 7-14 Great Dover Street, London SE1 4YR and is brought to you by OnePlusOne."
Counselling and advice,Talk Safe (Terrence Higgins Trust),Talk Safe (Terrence Higgins Trust) Counselling and Mentoring Input around London 02078121874,"Talksafe is a counselling and peer mentoring service which is delivered face-to-face, online and through text and targets 10- to 21-year-olds across London. The project has been made possible through a grant from the Big Lottery Fund.",Open  Referals,Talk Safe (Terrence Higgins Trust) Counselling and Mentoring Input around London 02078121874. Talk Safe (Terrence Higgins Trust) Counselling and Mentoring Input around London 02078121874
Counselling and advice,You & Me Counselling ,"CONTACT USinfo@youandmecounselling.org.ukPh: 01708 477 663 / 07449 46722324 North StreetHornchurch ,EssexRM11 1QX","Counselling for all types of psychological problems e.g. Depression, self-harm, Social Anxiety, Parental Separation/Divorce, Anger Management, Abuse, Substance Misuse, OCD, PTSD, Panic Disorder, Phobias, Bereavement and Teenage Pregnancy and Sexual Health.Free walk-in service on Tuesday and free consultation by appointment onlyInformation, guidance and supportCouples Counselling, Divorce, or Relationship ProblemsReflective parent empowerment classes, workshop, training and seminarsBullying/GangsHelp and support for run-away childrenSchool staff training to identify problems and solutionsCounselling In Schools:",Open Referral,"CONTACT USinfo@youandmecounselling.org.ukPh: 01708 477 663 / 07449 46722324 North StreetHornchurch ,EssexRM11 1QX"
Counselling and advice,Young Peoples Counselling Services Brentwood ,"YPCS15b Shenfield RoadThe Hermitage SiteBrentwoodEssexCM15 8AGTel: 01277 230831Email ypcs.brentwood@virgin.net",Counselling Services in Brentwood and available and accessible in Essex,Open referral ,"YPCS15b Shenfield RoadThe Hermitage SiteBrentwoodEssexCM15 8AGTel: 01277 230831Email ypcs.brentwood@virgin.net"
Counselling and advice,Young Minds ,"Call (for general enquiries about YoungMinds): 020 7089 5050For media enquiries visit our media centreEmail: For general enquiries: ymenquiries@youngminds.org.uk or use the form at the bottom of this page. We'll try to get back to you within 48 hours. If you're worried about a child you can contact the Parents Helpline online using the contact form at the bottom of this page. Write: Suite 11, Baden Place, Crosby Row, London, SE1 1YWSocial media: Facebook | Twitter","YoungMinds is the UK_s leading charity committed to improving the emotional wellbeing and mental health of children and young people. Driven by their experiences we campaign, research and influence policy and practice.",http://www.youngminds.org.uk/,Tel: 020 7089 5050 | Email: ymenquiries@youngminds.org.uk
Disabilities,"Disability, Pregnancy and Parenthood International",National Support,Information and enquiry service on all aspects for pregnancy and parenthood. ,http://disabledparent.org.uk,http://disabledparent.org.uk
Disabilities,NDCS,National Support ,National Deaf Children's Society is a charity for deaf children and their families. ,https://www.ndcs.org.uk/applications/contact_us/contact_us.rm,Tel: 0845 231 1617 
Disabilities,Positive Parents ,"First Step Building, Tangmere Crescent, Hornchurch, RM12 5PP Tel: 07858 406933 / 01708 524627Email: info@positiveparentshavering.org.uk","Positive ParentsSupporting families of children and young people with Special Educational Needs and Disabilities in the London Borough of HaveringWelcome to the Positive Parents website",Open  Referals,"First Step Building, Tangmere Crescent, Hornchurch, RM12 5PP Tel: 07858 406933 / 01708 524627Email: info@positiveparentshavering.org.uk"
Disabilities,RNIB,National Support,Royal National Institute of the Blind which helps living with sight loss,http://www.rnib.org.uk/,Tel: 0303 123 9999
Disabilities,Scope,"Call our free helpline (Open 9am - 5pm weekdays)0808 800 3333helpline@scope.org.ukWe provide free, independent and impartial information and support on the issues that matter to disabled people and their families.",Support and advice to people with cerebal palsy and their familes,http://www.scope.org.uk/,Tel: 0808 800 3333
Disabilities,Sycamore Trust,"Sycamore Trust, 27/29 Woodward Road, Dagenham, Essex RM9 4SJ020 8517 9317 / 020 8262 5330",Educating the community and empowering individuals affected by Autistic Spectrum Disorders and/or Learning Difficulties.,http://www.sycamoretrust.org.uk/contact-us/,Tel: 01708 749 816 | Email: autismhub@sycamoretrust.org.uk
Disabilities,Young Carers,National Support,"Advice, support and information for children and young people who have a caring responsibility for someone in their family who has a physical or mental illness, a disability or substance misuse problem. The site also contains a section with information for parents. ",https://babble.carers.org/,Email: youngcarers@carers.org
Divorce & Separation,CAFCASS,"Speak to someone about your case with Cafcass Phone: 0300 456 4000Email: Telephoneenquiries@cafcass.gsi.gov.uk","CAFCASS looks after the interests of children involved in family proceedings. It works with children and their families, and then advises the courts on what it considers to be in the children's best interests.",https://www.cafcass.gov.uk,Tel: 0300 456 4000 | Email: Telephoneenquiries@cafcass.gsi.gov.uk
Divorce & Separation,NACCC,Generic Support,National Association of Child Contact Centres. Provides safe places where children of separated families can spend time with one or both parents.,http://www.naccc.org.uk/,Tel: 0115 948 4557 | Email: contact@naccc.org.uk
Divorce & Separation,Separated Families,Generic Support,Working with everyone affected by family separation to bring about better outcomes for children.,http://www.separatedfamilies.info/,
Eating Disorders,Beat ,"Help for adultsThe Beat Adult Helpline is open to anyone over 18. Parents, teachers or any concerned adults should call the adult helpline. Helpline: 0345 634 1414Email: help@b-eat.co.ukHelp for young peopleThe Beat Youthline is open to anyone under 25.Youthline: 0345 634 7650Email: fyp@b-eat.co.ukText: 07786 20 18 20. If you would like a call back, send us the text message 'call back'. We aim to get back to you within 24 hours and during Youthline open hours.","Beat is the UK_s leading charity supporting anyone affected by eating disorders or difficulties with food, weight and shape. Beat_s vision is that eating disorders will be beaten.Beat_s aims area. To change the way everyone thinks and talks about eating disordersTo improve the way services and treatment are providedAnd to help anyone believe that their eating disorder can be beatenWe do this by: Challenging the stereotypes and stigma that people with eating disorders faceCampaigning for better services and treatmentProviding information, support and encouragement to seek treatment and recovery",https://www.b-eat.co.uk/,"Help for adultsThe Beat Adult Helpline is open to anyone over 18. Parents, teachers or any concerned adults should call the adult helpline. Helpline: 0345 634 1414Email: help@b-eat.co.ukHelp for young peopleThe Beat Youthline is open to anyone under 25.Youthline: 0345 634 7650Email: fyp@b-eat.co.ukText: 07786 20 18 20. If you would like a call back, send us the text message 'call back'. We aim to get back to you within 24 hours and during Youthline open hours."
Eating Disorders, Eating Disorder Services NELFT,"The Hope WingPorters Avenue Health Centre234 Porters AvenueDagenhamRM8 2EQTel: 0300 555 1216Fax: 0844 931 0137Email: eating.disorder@nelft.nhs.ukOpening times: 9am - 5pm, Monday to Friday","Contact our services in Barking and Dagenham, Havering, Redbridge and Waltham Forest",Professional referrals,"Contact our services in Barking and Dagenham, Havering, Redbridge and Waltham ForestThe Hope WingPorters Avenue Health Centre234 Porters AvenueDagenhamRM8 2EQTel: 0300 555 1216Fax: 0844 931 0137Email: eating.disorder@nelft.nhs.ukOpening times: 9am - 5pm, Monday to Friday"
& Feeding Difficulties,GOSH Feeding Difficulties Clinic ,"Informal enquiriesIf you wish to discuss a case before deciding whether to refer, please contact:Ms Caroline GrindrodClinical Nurse SpecialistDr Dasha Nicholls, Consultant Child and Adolescent Psychiatrist Eating Disorders TeamTelephone: 020 7829 8679Monica BradshawTeam AdministratorTelephone: 020 7405 9200, Ext 5858  ","Feeding and Eating Disorders ServiceFeeding and Eating Disorders Service (FEDS) is an outpatient service incorporating the Feeding Disorders Service, the Eating Disorders Service and an internal Feeding Support Service.Children and adolescents with a wide range of feeding and eating difficulties are seen within FEDS. All FEDS referrals are reviewed weekly by members of both the Feeding Disorders Team and Eating Disorders Team (more urgently if needs be).If we think we can help, an appointment will be sent to the family. If not, the referrer will be informed. We make a decision regarding most suitable team to see the child on the basis of information provided by the referrer.If the referrer is unsure which team to refer to, referrals can be addressed to the Feeding and Eating Disorders Service. ","Professional Referrals. Discussed with appointed Clininicians allocated in the field. Referrals for the Feeding Disorders Team should be sent in writing to Dr Rachel Bryant-Waugh, Consultant Clinical Psychologist. Referrals from within GOSH for the Feeding Support Service offered by Una McCrann should be sent in writing to Ms Una McCrann, Specialist Feeding Disorders Practitioner.","Informal enquiriesIf you wish to discuss a case before deciding whether to refer, please contact:Ms Caroline GrindrodClinical Nurse SpecialistDr Dasha Nicholls, Consultant Child and Adolescent Psychiatrist Eating Disorders TeamTelephone: 020 7829 8679Monica BradshawTeam AdministratorTelephone: 020 7405 9200, Ext 5858  "
& Feeding Difficulties,National Centre For Eating Disorders,National Support,Advice and support for eating disorders.,http://eating-disorders.org.uk/,Tel: 0845 838 2040
& Feeding Difficulties,The Good School Guide,"10 Greycoat PlaceLondonSW1P 1SBEngland","Features more than 400 informative articles covering help, information advice and reviews of schools and tutors. ",https://www.goodschoolsguide.co.uk/,Tel: (0)203 286 6824
Education Support,School Home Support,Tel: 020 7426 5000 | Email: enquiries@shs.org.uk,"National charity that places highly trained practitioners in schools to support children and families, whatever they are going through. ",http://www.schoolhomesupport.org.uk/,Tel: 020 7426 5000 | Email: enquiries@shs.org.uk
Education Support,Parents in Partnership Barking &Dagenham,"334 Heathway, Dagenham, RM10 8NJ 020 8593 4422 carers@carerscentre.org.","Support for Parents "," 020 8593 4422 carers@carerscentre.org.","334 Heathway, Dagenham, RM10 8NJ 020 8593 4422 carers@carerscentre.org."
Education Support,Redbrigde,"4 Berkeley AvenueIlford IG5 0URIG5 0URFax: 020 8550 0578Telephone: 020 8550 5741"," Support in getting best for child from Education services in Redbridge. To promote inclusive education, and equal opportunities. To create a wider public awareness of our children's needs and also those of their carers.  Positive support for parents. Evening meetings with invited speakers. Access to wide range of leaflets and information around assessment and statement procedures.",Open Referral,"4 Berkeley AvenueIlford IG5 0URIG5 0URFax: 020 8550 0578Telephone: 020 8550 5741"
Education Support,Waltham Forest," Chingford E4 6XQ  020 8496 5230 / 0800 587 2521 Parent.partnership@walthamforest.gov.uk   ","Waltham Forest Parent Partnership aims to offer impartial information and support to parents",Open Referral," Chingford E4 6XQ  020 8496 5230 / 0800 587 2521 Parent.partnership@walthamforest.gov.uk   "
Education Support,Havering,"First Step Building, Tangmere Crescent, Hornchurch, RM12 5PP Tel: 07858 406933 / 01708 524627Email: info@positiveparentshavering.org.uk","Supporting families of children and young people with Special Educational Needs and Disabilities in the London Borough of HaveringWelcome to the Positive Parents website",Open Referral,"First Step Building, Tangmere Crescent, Hornchurch, RM12 5PP Tel: 07858 406933 / 01708 524627Email: info@positiveparentshavering.org.uk"
Education Support,South Essex,"Essex County Council, County Hall, Market Road, Chelmsford CM1 1QHTel: 03457 430 430 Contact usTextphone: 03457 585 592 Essex County Council 2012",Parental Support with regards to learning needs,Open Referral,http://www.essex.gov.uk/Health-Social-Care/Pages/Health-and-Social-Care.aspx
"LGBT (Lesbian, Gay, Bi-sexual, Transgender)",Each,Tel: 07858 406933 / 01708 524627,"Education Action Challenging Homophobia - a national, charitable organisation, set up to challenge homophobia, specifically homophobic bullying, through education.",Open  Referals,"For further information contact us oninfo@each.education or ring 0117 946 7607"
"LGBT (Lesbian, Gay, Bi-sexual, Transgender)",Kaleidoscope ,,"Our advocacy work aims to spread awareness among officials and policy-makers about LGBT right across the globe, particularly in the Commonwealth, urging them to use their power and influence in support of the rights of LGBT people and effect real change in the lives of LGBT communities around the world. We utilise our established relationships with a network of UK parliamentarians; officials and policy-makers in the Foreign and Commonwealth Office and the Department for International Development; and Commonwealth institutions.",Open  Referals,"For further information contact us oninfo@each.education or ring 0117 946 7607"
"LGBT (Lesbian, Gay, Bi-sexual, Transgender)",Families Together London,Email: info@positiveparentshavering.org.uk,"Support group and website for friends and family of lesbian, gay and transgender people ",http://www.familiestogetherlondon.com,Tel: 01285 654816
"LGBT (Lesbian, Gay, Bi-sexual, Transgender)",PACE,,"PACE services are designed to meet the mental health and wellbeing needs of the LGBT community.   We offer a range of support options, these include:",Open  Referals,"Our addressPACE54-56 Euston StreetLondon | NW1 2ESHelpdesk: 020 7700 1323 (Mon-Fri, 10am-5pm)Office: 020 7255 9600Fax: 020 7609 4909Email: info@pacehealth.org.uk"
Grandparents,Age UK, red mobile,"Is the country's largest charity dedicated to helping everyone make the most of later life and advice on range of issues including money, health, care and wellbeing. ",http://www.ageuk.org.uk,Tel: 0800 169 2081 
Grandparents,The Grand Parents Association,Generic Support,The fastest growing membership organisation for grandparents in the country.,http://www.grandparents-association.org.uk/,Tel: : 0845 434958
Housing,Shelter,Generic Support,Information for people who are homeless or having a housing problem. ,http://www.shelter.org.uk/,Tel: 0808 250 7292| Email: info@shelter.org.uk
Housing,St Mungo's ,Generic Support,Support and advice for homeless people and those at risk of becoming homeless. ,http://www.mungos.org/,Tel: 020 8762 5500 | Email: streetconcern@mungos.org
Immigration,Asylum Aid,Generic Support,Free advice and assistance to refugees and asylum seeker ,http://www.asylumaid.org.uk/,Tel: (020) 7354 9264 | Email: media@asylumaid.org.uk
Immigration,Refugee Council,Generic Support,Advice and support to asylum seekers and refugees.,http://www.refugeecouncil.org.uk/,Tel: 020 7346 6700 | Email: children@refugeecouncil.org.uk
Internet,Childnet International - Know IT All,Generic,"Resources aimed at young people, parents and teachers about safe and positive use of the internet ",http://www.childnet.com/,Tel: (0)20 7639 6967 | Email: info@childnet.com
Internet,Internet Matters,Generic Support,"Information, advice and support on internet safety, from cyberbullying to setting up parental controls online. ",http://www.internetmatters.org/,Tel: 0808 800 2222 | Email: info@internetmatters.org
Internet,True Vision,Generic Support,Have you or someone you know been a victim of a hate crime or iccident? True vision advice about hate crime/incidents and how to report it. ,http://www.report-it.org.uk/,Tel: 0207 462 42 42 | Email: enquiries@report-it.org.uk.
Legal,CAFCASS,National Support,"CAFCASS looks after the interests of children involved in family proceedings. It works with children and their families, and then advises the courts on what it considers to be in the children's best interests. ",https://www.cafcass.gov.uk/,Tel: 0300 456 4000 | Email: Telephoneenquiries@cafcass.gsi.gov.uk
Money,Consumer Affairs,"Tel: (0)20 3734 9464 | Email: contact@consumeraffairs.org.uk",Offering debt and money advice to consumers via free guides and reports. ,http://www.consumeraffairs.org.uk/,"Tel: (0)20 3734 9464 | Email: contact@consumeraffairs.org.uk"
Money,"Citizens Advice Bureau : Havering, Redbridge, Waltham Forest , Barking &Dagenham","1.Havering Citizens Advice 9 Victoria Road Romford RM1 2JT01708 763531","2.Redbridge Citizens Advice Broadway Chambers1 Cranbrook RoadILFORDEssexIG1 4DUhttp://www.citizensadvice.org.uk/redbridgecab0208 514 1878 (for general enquiries only - not an advice line)","3.Waltham Forest Citizens Advice 220 Hoe StreetWalthamstowLONDONE17 3AYhttp://www.walthamforestcab.org.uk/Please call adviceline on 0300 330 1175","4.Barking & Dagenham.    339 HeathwayDAGENHAMEssexRM9 5AFhttp://www.bdcab.org.uk/020 8594 6715020 8507 5969"
Money,Money Advice Service,Generic Support,"The Money Advice Service helps you manage your money better. You can use their Health Check tool, calculators and comparison tables and access free, independent advice. ",https://www.moneyadviceservice.org.uk,Tel: 0300 500 5000 | Email: enquiries@moneyadviceservice.org.uk
Prisoners,Offenders Families Helpline,Tel: 0808 808 2003 | Email: info@offendersfamilies helpline.org,This free helpline is now run by Family Lives and is a free service to anyone with a family member in prison.,http://www.offendersfamilieshelpline.org/,Tel: 0808 808 2003 | Email: info@offendersfamilies helpline.org
Parent/Adult/Gaurdian/Carer Relationships,Barefoot Institute,http://barefootinstitute.com/about-us.aspx,"Barefoot Institute, where traditional Islamic guidance meets cutting edge psychology and relationship science to help support Muslim relationships between husband and wife, parents and children, siblings and relatives. ",Contact via e.mail enquiries,http://barefootinstitute.com/about-us.aspx
Parent/Adult/Gaurdian/Carer Relationships,Relate,"HomeCounselling 01708 441 722Mediation 0208 514 7880Nearest RelateBook an appointmentRelate London North East12a Bridge CloseRomfordEssexRM7 0AU",Relationship couselling offered through regional centres.,http://www.relate.org.uk/,"HomeCounselling 01708 441 722Mediation 0208 514 7880Nearest RelateBook an appointmentRelate London North East12a Bridge CloseRomfordEssexRM7 0AU"
Self Harm,Harmless,"You can check out our updates on our facebook page, or send us a tweet: @HarmlessUK. Harmless.org.uk","Harmless was established at the beginning of October 2007. It is a national voluntary organisation for people who self harm, their friends, families and professionals. Harmless has 3 Directors:",http://www.harmless.org.uk/contact,"You can check out our updates on our facebook page, or send us a tweet: @HarmlessUK. Harmless.org.uk"
Self Harm,National Self Harm Network,http://www.nshn.co.uk/,"Our priority is to support survivors and people who self-harm. We also support the people it indirectly affects, like family and friends, they can discuss the issue and gain effective support in our forums.",Open  Referals,http://www.nshn.co.uk/
Self Harm,Butterfly Project,http://butterfly-project.tumblr.com/," THE RULES: 1. when you feel like you want to cut, take a marker or pen and draw a butterfly wherever the self-harm occurs. 2. name the butterfly after a loved one, or someone that really wants you to get better. 3. NO scrubbing the butterfly off.4. if you cut before the butterfly is gone, it dies. if you don't cut, it lives.5. another person may draw them on you. these butterflies are extra special. take good care of them.6. even if you don_t cut, feel free to draw a butterfly anyways, to show your support.this is an anoymously-run blog for you. i want to hear your stories. i want to see pictures of your butterflies. please don't be ashamed to share anything. we are all human, and i'm only here to serve. all the posts on this blog are submissions from followers who have enough courage to share their lives and their stories with you. i ask that this remain a judgement-free zone. ",Slef-Harm Support TUMBLR,http://butterfly-project.tumblr.com/
Self Harm,Young Minds," (for general enquiries about YoungMinds): 020 7089 5050For media enquiries visit our media centreEmail: For general enquiries: ymenquiries@youngminds.org.uk or use the form at the bottom of this page. We'll try to get back to you within 48 hours. If you're worried about a child you can contact the Parents Helpline online using the contact form at the bottom of this page. Write: Suite 11, Baden Place, Crosby Row, London, SE1 1YWSocial media: Facebook | Twitter.  Visit: From London Bridge station, head for Guys Hospital, walk to the end of Great Maze Pond and crossover into Crosby Row.","YoungMinds is the UK_s leading charity committed to improving the emotional wellbeing and mental health of children and young people. Driven by their experiences we campaign, research and influen",Open Referral," (for general enquiries about YoungMinds): 020 7089 5050For media enquiries visit our media centreEmail: For general enquiries: ymenquiries@youngminds.org.uk or use the form at the bottom of this page. We'll try to get back to you within 48 hours. If you're worried about a child you can contact the Parents Helpline online using the contact form at the bottom of this page. Write: Suite 11, Baden Place, Crosby Row, London, SE1 1YWSocial media: Facebook | Twitter.  Visit: From London Bridge station, head for Guys Hospital, walk to the end of Great Maze Pond and crossover into Crosby Row."
Sexual Health,BROOK,brook.org.uk,This site provides free and confidential sexual health advice and contraception to young people up to the age of 25.,https://www.brook.org.uk/find-a-service,Brook.org.uk
Sexual Health,Education For Choice,"50 Featherstone Street,London,EC1Y 8RT",Education for choice is dedicated to enabling young people to make informed choices about pregancy.,http://www.efc.org.uk/,"Tel: 020 7284 6056 | Email: efc@brook.org.uk"
Suicidal Ideation/ Thoughts/ Intent ,Childline,"National Support. ChildLine is a service provided by NSPCC Weston House, 42 Curtain Road, London EC2A 08001111","Childline supporting young people in crisis, counselling, mentoring and or at risk",Open Referral,"National Support. ChildLine is a service provided by NSPCC Weston House, 42 Curtain Road, London EC2A 08001111"
Suicidal Ideation/ Thoughts/ Intent ,Get connected,"Our normal office hours are 10am-6pm, Monday-Friday.Phone 020 7009 2500Email admin@getconnected.org.ukWrite to PO BOX 7777, London W1A 5PD.","Under 25? We_re here for you, 365 days a year, for absolutely anything you_re going through. You can contact us however you_d prefer _ by phone, email or web chat.We_re free, we_re friendly, we won_t judge and we won_t tell.",Open Referral,"Our normal office hours are 10am-6pm, Monday-Friday.Phone 020 7009 2500Email admin@getconnected.org.ukWrite to PO BOX 7777, London W1A 5PD."
Suicidal Ideation/ Thoughts/ Intent ,Hope line uk PAYPRUS,"National Confidential Helpline - HOPELineUKIf you are a young person at risk of suicide or are worried about a young person at risk of suicide: 0800 068 41 41Mon-Fri 10:00 am to 10:00 pmWeekends 2:00 pm to 10:00 pmBank Holidays 2:00 pm to 5:00 pmMore about HOPELineUK 0800 068 41 41","We are the national charity for the prevention of young suicide.We draw from the experience of many who have been touched personally by young suicide across the UK and speak on their behalf in our campaigns and in our endeavours to save young lives. Together we believe that with appropriate support and education, many young suicides can be prevented.We deliver awareness and prevention training, provide confidential support and suicide intervention through HOPELineUK, campaign and influence national policy, and empower young people to lead suicide prevention activities in their own communities.",Open Referral,"National Confidential Helpline - HOPELineUKIf you are a young person at risk of suicide or are worried about a young person at risk of suicide: 0800 068 41 41Mon-Fri 10:00 am to 10:00 pmWeekends 2:00 pm to 10:00 pmBank Holidays 2:00 pm to 5:00 pmMore about HOPELineUK 0800 068 41 41"
Suicidal Ideation/ Thoughts/ Intent ,SAMARITANS,"CONTACT US NOWCALL US116 123 (UK)116 123 (ROI)If there's something troubling you, then get in touch.We're here 24 hours a day, 365 days a year. If you need a response immediately, it's best to call us on the phone. This number is FREE to call.EMAIL USjo@samaritans.orgVISIT USFind your local Samaritans branch.","HOW OUR SERVICE HELPSIf you're given the time and space to talk things through, you can find a way through your problems.Samaritans help you to explore your options so you can make decisions that are right for you.",Open Referral,"CONTACT US NOWCALL US116 123 (UK)116 123 (ROI)If there's something troubling you, then get in touch.We're here 24 hours a day, 365 days a year. If you need a response immediately, it's best to call us on the phone. This number is FREE to call.EMAIL USjo@samaritans.orgVISIT USFind your local Samaritans branch."
Suicidal Ideation/ Thoughts/ Intent ,Mental Health Direct ,03005551000 North East London Mental Health Trust Crisis Service,Mnetal Health Crisis & out of hours service,Open Referral,03005551000 North East London Mental Health Trust Crisis Service
"APPs.                                     Support via Apps Accessible via Andriod, Apple and other Mobile Mediums and podcasts",Dont Panic APP,http://www.covwarkpt.nhs.uk/dont_panic/pages/default.aspx,"The Don_t Panic series of audio self help guides is designed to provide people with easily accessible information about common mental health difficulties.They are based on Cognitive Behavioural Therapy (CBT) principles, an approach that has been shown to be effective by the National Institute for Clinical Excellence.The guides should be listened to at least once a day for at least a week, to be of the most benefit. The guides are available to download free of charge via a number of ways:NEW! Mobile Phone AppA series of six essential audio self help guides on:1.Dealing with Panic Attacks2.Dealing with Stress3.Dealing with Anger4.Dealing with Social Anxiety5.Dealing with Negative Thinking6.Dealing with WorryAvailable to download from Google Play and Apple App Store (Blackberry coming soon).You can download the self help guides above via www.tryaudioselfhelp.com (if using Internet Explorer version 9 and above)Download from this pageTwo extra guides are available to download from the link on the top left of this page: Dealing with Dissociation &Relaxation", http://www.covwarkpt.nhs.uk/dont_panic/Documents/Dont%20Panic%20Flyer.pdf,1. Dont Panic by Coventry &Warwicshire NHS Partnership Trust offering over 5 various Emotional Wellbeing Podcasts 
"APPs.                                     Support via Apps Accessible via Andriod, Apple and other Mobile Mediums and podcasts",WELL HAPPY APP:   https://www.myhealth.london.nhs.uk/your-health/young-people,WELL HAPPY APP:   https://www.myhealth.london.nhs.uk/your-health/young-people,Self help for Adolescents promoting Wellness,,WELL HAPPY APP:   https://www.myhealth.london.nhs.uk/your-health/young-people
"APPs.                                     Support via Apps Accessible via Andriod, Apple and other Mobile Mediums and podcasts",1.Mentalhealth.org.uk : https://www.mentalhealth.org.uk/mental-health-podcasts    2. Royal College of Psychiatry Podcasts,Mood zone @http://www.nhs.uk/conditions/stress-anxiety-depression/pages/moodzone-mental-wellbeing-audio-guides.aspx 2. http://www.rcpsych.ac.uk/discoverpsychiatry/podcasts.aspx?theme=mobile,,,1.Mentalhealth.org.uk : https://www.mentalhealth.org.uk/mental-health-podcasts.  2.http://www.rcpsych.ac.uk/discoverpsychiatry/podcasts.aspx?theme=mobile